url,tipo,detalle,estado,alto_1440,en_sitemap,titulo
https://www.studio-iron.com/,t01-portada,,200,5770,si,Curated objects from independent designers — Studio Iron — Studio Iron
https://www.studio-iron.com/art,t08-art-lista-de-obras,,200,22689,si,Art — Studio Iron
https://www.studio-iron.com/artists,t09-artistas-indice (huerfana),,200,3063,si,Artists — Studio Iron
https://www.studio-iron.com/events,t12-eventos-indice,,200,2263,si,Events — Studio Iron
https://www.studio-iron.com/collections,t02-colecciones-indice (alias de all-objects),,200,3362,si,All Objects — Studio Iron
https://www.studio-iron.com/products/tubular-chair,t07-ficha-producto,add to bag,200,1601,si,Tubular chair — Studio Iron
https://www.studio-iron.com/products/rolling-incense-burner-1,t07-ficha-producto,add to bag,200,1923,si,Rolling incense burner — Studio Iron
https://www.studio-iron.com/products/coat-stand-study-01,t07-ficha-producto,add to bag,200,1666,si,Coat Stand Study — Studio Iron
https://www.studio-iron.com/products/lattice-dining-table,t07-ficha-producto,add to bag,200,1601,si,Lattice Dining Table — Studio Iron
https://www.studio-iron.com/products/lattice-table-tall,t07-ficha-producto,add to bag,200,1666,si,Lattice Table Tall — Studio Iron
https://www.studio-iron.com/products/magazine-holder,t07-ficha-producto,add to bag,200,1601,si,Magazine Holder — Studio Iron
https://www.studio-iron.com/products/rubber-table-medium,t07-ficha-producto,add to bag,200,1666,si,Rubber Table Medium — Studio Iron
https://www.studio-iron.com/products/martini-glass,t07-ficha-producto,add to bag,200,1923,si,Martini Glass — Studio Iron
https://www.studio-iron.com/products/martini-glass-copy,t07-ficha-producto,add to bag,200,1601,si,Thaw - Tall Glass — Studio Iron
https://www.studio-iron.com/products/tall-glass-copy,t07-ficha-producto,add to bag,200,1601,si,Thaw - Candlestick — Studio Iron
https://www.studio-iron.com/products/candlestick-copy,t07-ficha-producto,add to bag,200,1601,si,Thaw - Wine Glass — Studio Iron
https://www.studio-iron.com/products/flute-glass,t07-ficha-producto,add to bag,200,1601,si,Thaw - Flute Glass — Studio Iron
https://www.studio-iron.com/products/flute-glass-copy,t07-ficha-producto,add to bag,200,1762,si,Coupe Glass — Studio Iron
https://www.studio-iron.com/products/wine-glass-copy,t07-ficha-producto,add to bag,200,1601,si,Thaw - Medium Jug — Studio Iron
https://www.studio-iron.com/products/medium-jug-copy,t07-ficha-producto,add to bag,200,1666,si,Thaw - Glass Tumbler — Studio Iron
https://www.studio-iron.com/products/coupe-glass-copy,t07-ficha-producto,add to bag,200,1923,si,Small Vase — Studio Iron
https://www.studio-iron.com/products/samuelita,t07-ficha-producto,add to bag,200,1666,si,Samuelita — Studio Iron
https://www.studio-iron.com/products/samuela,t07-ficha-producto,add to bag,200,1601,si,Samuela — Studio Iron
https://www.studio-iron.com/products/puffa-vase-i,t07-ficha-producto,add to bag,200,1923,si,Puffer Vase I — Studio Iron
https://www.studio-iron.com/products/puffa-vase-i-copy,t07-ficha-producto,add to bag,200,1923,si,Puffer Vase II — Studio Iron
https://www.studio-iron.com/products/puffa-vase-i-copy-1,t07-ficha-producto,add to bag,200,1601,si,Stem vase — Studio Iron
https://www.studio-iron.com/products/hug-bed,t07-ficha-producto,request shipping quote,200,1601,si,Hug Bed — Studio Iron
https://www.studio-iron.com/products/hug-bed-copy,t07-ficha-producto,add to bag,200,1666,si,Hug Chair — Studio Iron
https://www.studio-iron.com/products/hug-tray,t07-ficha-producto,add to bag,200,1601,si,Hug Tray — Studio Iron
https://www.studio-iron.com/products/cut-divider,t07-ficha-producto,add to bag,200,1666,si,Cut Divider — Studio Iron
https://www.studio-iron.com/products/bumbum-lamp,t07-ficha-producto,add to bag,200,1666,si,BumBum Lamp - Husk — Studio Iron
https://www.studio-iron.com/products/bumbum-lamp-veil,t07-ficha-producto,add to bag,200,1274,si,BumBum Lamp - Veil — Studio Iron
https://www.studio-iron.com/products/bumbum-lamp-sleeve,t07-ficha-producto,add to bag,200,1274,si,BumBum Lamp - Sleeve — Studio Iron
https://www.studio-iron.com/products/bumbum-lamp-sleeve-copy,t07-ficha-producto,add to bag,200,1666,si,BumBum Vase — Studio Iron
https://www.studio-iron.com/products/bumbum-vase-copy,t07-ficha-producto,add to bag,200,2245,si,Frost Lamp — Studio Iron
https://www.studio-iron.com/products/preserved-garden-vessel,t07-ficha-producto,add to bag,200,1762,si,Preserved Garden Vessel — Studio Iron
https://www.studio-iron.com/products/tension-console,t07-ficha-producto,add to bag,200,1923,si,Tension Console — Studio Iron
https://www.studio-iron.com/products/tension-side-table,t07-ficha-producto,add to bag,200,1762,si,Tension Side Table — Studio Iron
https://www.studio-iron.com/products/coil-floor-lamp,t07-ficha-producto,add to bag,200,1923,si,Coil Floor Lamp — Studio Iron
https://www.studio-iron.com/products/coil-floor-lamp-copy,t07-ficha-producto,add to bag,200,1762,si,Coil Coffee Table — Studio Iron
https://www.studio-iron.com/products/camber-chair,t07-ficha-producto,add to bag,200,1601,si,Camber Chair — Studio Iron
https://www.studio-iron.com/products/camber-stool,t07-ficha-producto,add to bag,200,1601,si,Camber Stool — Studio Iron
https://www.studio-iron.com/products/section-coffee-table,t07-ficha-producto,add to bag,200,1601,si,Section Coffee Table — Studio Iron
https://www.studio-iron.com/products/chaise-oiseaux,t07-ficha-producto,add to bag,200,1923,si,Chaise Oiseaux — Studio Iron
https://www.studio-iron.com/products/chaise-diable,t07-ficha-producto,add to bag,200,1666,si,Chaise Diable — Studio Iron
https://www.studio-iron.com/products/rubber-library-mini,t07-ficha-producto,add to bag,200,1666,si,Rubber Library Mini — Studio Iron
https://www.studio-iron.com/products/rubber-lamp,t07-ficha-producto,add to bag,200,1601,si,Rubber Lamp Small — Studio Iron
https://www.studio-iron.com/products/the-ionic-duet-candle-set,t07-ficha-producto,add to bag,200,1923,si,The Ionic Duet Candle Set — Studio Iron
https://www.studio-iron.com/products/the-ionic-duet-candle-set-copy,t07-ficha-producto,add to bag,200,1923,si,The Scorpio Candle Duet — Studio Iron
https://www.studio-iron.com/products/the-cornithian-duet,t07-ficha-producto,add to bag,200,1762,si,The Cornithian Candle Duet — Studio Iron
https://www.studio-iron.com/products/flare-40,t07-ficha-producto,add to bag,200,1601,si,Flare 40 — Studio Iron
https://www.studio-iron.com/products/flare-150,t07-ficha-producto,add to bag,200,1666,si,Flare 150 — Studio Iron
https://www.studio-iron.com/products/rabbit-beast-figurative-mirror,t07-ficha-producto,add to bag,200,1274,si,Rabbit Beast Figurative Mirror — Studio Iron
https://www.studio-iron.com/products/fish-eats-fish-figurative-mirror,t07-ficha-producto,add to bag,200,1274,si,Fish Eats Fish Figurative Mirror — Studio Iron
https://www.studio-iron.com/products/monster-mouth-figurative-mirror,t07-ficha-producto,add to bag,200,1274,si,Monster Mouth Figurative Mirror — Studio Iron
https://www.studio-iron.com/products/mr-sunshine-figurative-mirror,t07-ficha-producto,add to bag,200,1274,si,Mr. Sunshine Figurative Mirror — Studio Iron
https://www.studio-iron.com/products/mr-sunshine-figurative-mirror-1,t07-ficha-producto,add to bag,200,1274,si,Ouroboros Figurative Mirror — Studio Iron
https://www.studio-iron.com/products/bragon-figurative-mirror,t07-ficha-producto,add to bag,200,2245,si,Bragon Figurative Mirror — Studio Iron
https://www.studio-iron.com/products/hammered-steel-incense-burner,t07-ficha-producto,add to bag,200,2245,si,Hand Hammered Steel Incense Burner — Studio Iron
https://www.studio-iron.com/products/hammered-steel-mirror,t07-ficha-producto,add to bag,200,1762,si,Hand Hammered Steel Mirror — Studio Iron
https://www.studio-iron.com/products/hammered-steel-picture-frame,t07-ficha-producto,add to bag,200,2245,si,Hand Hammered Steel Picture Frame — Studio Iron
https://www.studio-iron.com/products/hammered-steel-lamp,t07-ficha-producto,add to bag,200,1923,si,Hand Hammered Steel Lamp — Studio Iron
https://www.studio-iron.com/products/jane-wright-x-jesse-butterfield-steel-and-lace-stool,t07-ficha-producto,add to bag,200,1666,si,Jane Wright + Jesse Butterfield: Steel and Lace Stool — Studio Iron
https://www.studio-iron.com/products/jane-wright-x-jesse-butterfield-steel-and-lace-floor-lamp,t07-ficha-producto,add to bag,200,2245,si,Jane Wright + Jesse Butterfield Steel and Lace Floor Lamp — Studio Iron
https://www.studio-iron.com/products/obex-console,t07-ficha-producto,request shipping quote,200,1762,si,Obex Console — Studio Iron
https://www.studio-iron.com/products/tetra-chair,t07-ficha-producto,request shipping quote,200,1666,si,Tetra Chair — Studio Iron
https://www.studio-iron.com/products/cowhide-studio-chair,t07-ficha-producto,add to bag,200,1601,si,Cowhide Studio Chair — Studio Iron
https://www.studio-iron.com/products/zebra-studio-chair,t07-ficha-producto,add to bag,200,1601,si,Zebra Studio Chair — Studio Iron
https://www.studio-iron.com/products/disco-studio-chair,t07-ficha-producto,add to bag,200,1601,si,Disco Studio Chair — Studio Iron
https://www.studio-iron.com/products/cowhide-studio-stool,t07-ficha-producto,add to bag,200,1601,si,Cowhide Studio Stool — Studio Iron
https://www.studio-iron.com/products/daydream-prism-table,t07-ficha-producto,add to bag,200,1601,si,Daydream Prism Table — Studio Iron
https://www.studio-iron.com/products/daydream-shape-table-circle,t07-ficha-producto,add to bag,200,1601,si,Daydream Circle Table — Studio Iron
https://www.studio-iron.com/products/nudo-chair,t07-ficha-producto,request shipping quote,200,1601,si,Nudo Chair — Studio Iron
https://www.studio-iron.com/products/nudo-stool,t07-ficha-producto,request shipping quote,200,1601,si,Nudo Stool — Studio Iron
https://www.studio-iron.com/products/daydream-square-table,t07-ficha-producto,add to bag,200,1923,si,Daydream Square Table — Studio Iron
https://www.studio-iron.com/products/rubber-table-large,t07-ficha-producto,add to bag,200,1762,si,Rubber Table Large — Studio Iron
https://www.studio-iron.com/products/rubber-table-medium-1,t07-ficha-producto,add to bag,200,1601,si,Rubber Table Small — Studio Iron
https://www.studio-iron.com/products/velvet-fern-studio-chair,t07-ficha-producto,add to bag,200,1762,si,Velvet Fern Studio Chair — Studio Iron
https://www.studio-iron.com/products/inteligencia-colectiva-llanta,t07-ficha-producto,request shipping quote,200,1601,si,Inteligencia colectiva - Llanta — Studio Iron
https://www.studio-iron.com/products/inteligencia-colectiva-piel,t07-ficha-producto,request shipping quote,200,1666,si,Inteligencia Colectiva Piel — Studio Iron
https://www.studio-iron.com/products/daydream-triangle-table,t07-ficha-producto,add to bag,200,1923,si,Daydream Triangle Table — Studio Iron
https://www.studio-iron.com/products/crescent-covered-bench,t07-ficha-producto,request shipping quote,200,1601,si,Crescent Coved Bench — Studio Iron
https://www.studio-iron.com/products/rim-stool,t07-ficha-producto,request shipping quote,200,1923,si,Rim Stooge — Studio Iron
https://www.studio-iron.com/products/sounding-lamp-2,t07-ficha-producto,request shipping quote,200,1923,si,Sounding Lamp 2 — Studio Iron
https://www.studio-iron.com/products/sounding-lamp-6,t07-ficha-producto,request shipping quote,200,1601,si,Sounding Lamp 6 — Studio Iron
https://www.studio-iron.com/products/apsis-table,t07-ficha-producto,request shipping quote,200,1762,si,Apsis Table — Studio Iron
https://www.studio-iron.com/products/merceder-mogollon,t07-ficha-producto,request shipping quote,200,1762,si,Merceder Mogollon — Studio Iron
https://www.studio-iron.com/products/scape-pendant,t07-ficha-producto,request shipping quote,200,1666,si,Scrape Pendant — Studio Iron
https://www.studio-iron.com/products/metal-chair-1,t07-ficha-producto,request shipping quote,200,1601,si,Designed Objects (Metal chair 1) — Studio Iron
https://www.studio-iron.com/products/metal-ottoman,t07-ficha-producto,request shipping quote,200,1762,si,Designed Objects (Metal ottoman 1) — Studio Iron
https://www.studio-iron.com/products/metal-ottoman-copy,t07-ficha-producto,request shipping quote,200,1601,si,Designed Objects (Metal Stool 1) — Studio Iron
https://www.studio-iron.com/products/stool-2,t07-ficha-producto,request shipping quote,200,1762,si,Designed Objects (Metal stool 2) — Studio Iron
https://www.studio-iron.com/products/beam-chair,t07-ficha-producto,request shipping quote,200,1601,si,Beam Chair — Studio Iron
https://www.studio-iron.com/products/beam-chair-ii,t07-ficha-producto,request shipping quote,200,1601,si,Beam Chair II — Studio Iron
https://www.studio-iron.com/products/beam-chaise-lounger,t07-ficha-producto,request shipping quote,200,1601,si,Beam Chaise Lounger — Studio Iron
https://www.studio-iron.com/products/beam-lounge-chair,t07-ficha-producto,request shipping quote,200,1601,si,Beam Lounge Chair — Studio Iron
https://www.studio-iron.com/products/beam-floor-lamp,t07-ficha-producto,request shipping quote,200,1923,si,Beam Table Lamp — Studio Iron
https://www.studio-iron.com/products/beam-desk,t07-ficha-producto,request shipping quote,200,1666,si,Beam Desk — Studio Iron
https://www.studio-iron.com/products/beam-vase,t07-ficha-producto,request shipping quote,200,1666,si,Beam Vase — Studio Iron
https://www.studio-iron.com/products/void-tray,t07-ficha-producto,request shipping quote,200,1601,si,Void Tray — Studio Iron
https://www.studio-iron.com/products/candleholder-no-12-mini,t07-ficha-producto,add to bag,200,1762,si,Candleholder No.12 Mini — Studio Iron
https://www.studio-iron.com/products/reliquary-shelf,t07-ficha-producto,add to bag,200,1666,si,Reliquary shelf — Studio Iron
https://www.studio-iron.com/products/ballfoot-chair,t07-ficha-producto,request shipping quote,200,1601,si,Ballfoot chair (2020) — Studio Iron
https://www.studio-iron.com/products/chainmail-chair2021,t07-ficha-producto,request shipping quote,200,1601,si,Chainmail Chair (2021) — Studio Iron
https://www.studio-iron.com/products/chainmail-camping-stool-2024,t07-ficha-producto,request shipping quote,200,1762,si,Chainmail Camping Stool (2024) — Studio Iron
https://www.studio-iron.com/products/chainmail-cobweb-sculptural-chandelier-2024,t07-ficha-producto,request shipping quote,200,1762,si,Chainmail Cobweb Sculptural Chandelier (2024) — Studio Iron
https://www.studio-iron.com/products/institution-chair-2020,t07-ficha-producto,request shipping quote,200,1666,si,Institution Chair (2020) — Studio Iron
https://www.studio-iron.com/products/wax-clock-altar-2022,t07-ficha-producto,request shipping quote,200,1666,si,Wax Clock Altar (2022) — Studio Iron
https://www.studio-iron.com/products/wax-clock-2022,t07-ficha-producto,request shipping quote,200,2245,si,Wax Clock (2022) — Studio Iron
https://www.studio-iron.com/products/soft-jug-2021,t07-ficha-producto,request shipping quote,200,1601,si,Soft Jug (2021) — Studio Iron
https://www.studio-iron.com/products/soft-vase-2022,t07-ficha-producto,request shipping quote,200,1762,si,Soft Vase (2022) — Studio Iron
https://www.studio-iron.com/products/soft-goblet-2022,t07-ficha-producto,request shipping quote,200,1762,si,Soft Goblet (2022) — Studio Iron
https://www.studio-iron.com/products/fisherman-chair2023,t07-ficha-producto,request shipping quote,200,1666,si,Play Time Toy Table (2022) — Studio Iron
https://www.studio-iron.com/products/fisherman-chair2023-1,t07-ficha-producto,request shipping quote,200,1666,si,Fisherman Chair (2023) — Studio Iron
https://www.studio-iron.com/products/samuel-bag-m,t07-ficha-producto,add to bag,200,1666,si,Samuel Bag — Studio Iron
https://www.studio-iron.com/products/open-ended-chat-table,t07-ficha-producto,request shipping quote,200,1923,si,Open-ended chat table — Studio Iron
https://www.studio-iron.com/products/double-negative-vessel,t07-ficha-producto,request shipping quote,200,1923,si,Double Negative Vessel — Studio Iron
https://www.studio-iron.com/products/rubber-lamp-large,t07-ficha-producto,add to bag,200,1601,si,Rubber Lamp Large — Studio Iron
https://www.studio-iron.com/products/bakhur-steel,t07-ficha-producto,request shipping quote,200,1923,si,Bakhur Steel — Studio Iron
https://www.studio-iron.com/products/bakhur-marble,t07-ficha-producto,request shipping quote,200,1762,si,Bakhur Marble — Studio Iron
https://www.studio-iron.com/products/pillar,t07-ficha-producto,add to bag,200,1923,si,Pillar — Studio Iron
https://www.studio-iron.com/products/arc-annex-iii,t07-ficha-producto,add to bag,200,1762,si,Arc Annex III — Studio Iron
https://www.studio-iron.com/products/arc-annex-ii,t07-ficha-producto,add to bag,200,1762,si,Arc Annex II — Studio Iron
https://www.studio-iron.com/products/arc-annex-i,t07-ficha-producto,add to bag,200,2245,si,Arc Annex I — Studio Iron
https://www.studio-iron.com/products/tangency,t07-ficha-producto,add to bag,200,1923,si,Tangency — Studio Iron
https://www.studio-iron.com/products/axis,t07-ficha-producto,add to bag,200,1601,si,Axis — Studio Iron
https://www.studio-iron.com/products/hygra-physis,t07-ficha-producto,request shipping quote,200,1762,si,Hygra Physis — Studio Iron
https://www.studio-iron.com/products/asymptote,t07-ficha-producto,request shipping quote,200,1601,si,Asymptote — Studio Iron
https://www.studio-iron.com/products/hammered-steel-coffee-table,t07-ficha-producto,add to bag,200,1923,si,Hammered Steel Coffee Table — Studio Iron
https://www.studio-iron.com/products/joe-chair,t07-ficha-producto,add to bag,200,1762,si,Joe Chair — Studio Iron
https://www.studio-iron.com/products/twigs-bowl,t07-ficha-producto,add to bag,200,1923,si,Twigs Bowl — Studio Iron
https://www.studio-iron.com/products/play-time-toy-table-2022-beige,t07-ficha-producto,request shipping quote,200,1666,si,Play Time Toy Table (2022) Beige — Studio Iron
https://www.studio-iron.com/products/naked-mules,t07-ficha-producto,add to bag,200,1601,si,Naked Mules — Studio Iron
https://www.studio-iron.com/products/sanded-platform-mules,t07-ficha-producto,add to bag,200,1601,si,Sanded Platform Mules — Studio Iron
https://www.studio-iron.com/products/cowboy-rubber-mules-black,t07-ficha-producto,add to bag,200,1601,si,Cowboy Rubber Mules - Black — Studio Iron
https://www.studio-iron.com/products/heeled-square-toe-rubber-mules-concrete,t07-ficha-producto,add to bag,200,1666,si,Heeled Square Toe Rubber Mules - Concrete — Studio Iron
https://www.studio-iron.com/products/hxxker-heels,t07-ficha-producto,add to bag,200,1601,si,Hxxker Heels — Studio Iron
https://www.studio-iron.com/products/hxxker-heels-sanded,t07-ficha-producto,add to bag,200,1601,si,Hxxker Heels Sanded — Studio Iron
https://www.studio-iron.com/products/cowboy-rubber-mules-dyed-light-tan,t07-ficha-producto,add to bag,200,1666,si,Cowboy Rubber Mules - Dyed Light Tan — Studio Iron
https://www.studio-iron.com/products/rubber-body-bag-dyed,t07-ficha-producto,add to bag,200,1601,si,"Rubber Body Bag, Dyed — Studio Iron"
https://www.studio-iron.com/products/rubber-body-bag-black,t07-ficha-producto,add to bag,200,1923,si,"Rubber Body Bag, Black — Studio Iron"
https://www.studio-iron.com/products/rubber-sling-bag-dyed,t07-ficha-producto,add to bag,200,1762,si,"Rubber Sling Bag, Dyed — Studio Iron"
https://www.studio-iron.com/products/naked-heels,t07-ficha-producto,add to bag,200,1601,si,Naked Heels — Studio Iron
https://www.studio-iron.com/products/rubber-sling-bag-black,t07-ficha-producto,add to bag,200,1666,si,"Rubber Sling Bag, Black — Studio Iron"
https://www.studio-iron.com/products/studio-iron-x-gast-studios-stem-vase,t07-ficha-producto,add to bag,200,1762,si,Studio Iron x Gast Studios Stem Vase — Studio Iron
https://www.studio-iron.com/products/nikita-bag,t07-ficha-producto,add to bag,200,1601,si,Nikita Bag — Studio Iron
https://www.studio-iron.com/products/samuel-bag-small,t07-ficha-producto,add to bag,200,1762,si,Samuel Bag Small — Studio Iron
https://www.studio-iron.com/products/chainmail-floor-lamp-i,t07-ficha-producto,price on request,200,1601,si,Chainmail Floor Lamp I — Studio Iron
https://www.studio-iron.com/products/chainmail-floor-lamp-iii,t07-ficha-producto,price on request,200,1923,si,Chainmail Floor Lamp III — Studio Iron
https://www.studio-iron.com/products/chainmail-table-lamp-i,t07-ficha-producto,price on request,200,2245,si,Chainmail Table Lamp I — Studio Iron
https://www.studio-iron.com/products/chainmail-table-lamp-iii,t07-ficha-producto,price on request,200,2245,si,Chainmail Table Lamp III — Studio Iron
https://www.studio-iron.com/products/tapestry-v,t07-ficha-producto,price on request,200,1601,si,Tapestry V — Studio Iron
https://www.studio-iron.com/products/hardstyle,t07-ficha-producto,add to bag,200,1601,si,HARDSTYLE — Studio Iron
https://www.studio-iron.com/collections/kouros-maghsoudi,t05-coleccion-disenador-larga,,200,7424,si,Kouros Maghsoudi — Studio Iron
https://www.studio-iron.com/collections/apohli,t04-coleccion-disenador,,200,3334,si,Apohli — Studio Iron
https://www.studio-iron.com/collections/andu-masebo,t04-coleccion-disenador,,200,3334,si,Andu Masebo — Studio Iron
https://www.studio-iron.com/collections/atelier-fomenta,t04-coleccion-disenador,,200,3411,si,Atelier Fomenta — Studio Iron
https://www.studio-iron.com/collections/completed-works,t04-coleccion-disenador,,200,4010,si,Completedworks — Studio Iron
https://www.studio-iron.com/collections/cruda,t04-coleccion-disenador,,200,3883,si,CRUDA — Studio Iron
https://www.studio-iron.com/collections/gast-studio,t04-coleccion-disenador,,200,3357,si,Gast Studio — Studio Iron
https://www.studio-iron.com/collections/marten-herma-anderson,t04-coleccion-disenador,,200,3346,si,Marten Herma Anderson — Studio Iron
https://www.studio-iron.com/collections/paul-coenen,t04-coleccion-disenador,,200,3852,si,Paul Coenen — Studio Iron
https://www.studio-iron.com/collections/atelier-moore-x-camille-cabanes,t04-coleccion-disenador,,200,2429,si,Atelier Moore x Camille Cabanes — Studio Iron
https://www.studio-iron.com/collections/sylvie-macmillan,t04-coleccion-disenador,,200,2522,si,Sylvie Macmillan — Studio Iron
https://www.studio-iron.com/collections/all-objects,t03-todos-los-objetos,,200,3362,si,All Objects — Studio Iron
https://www.studio-iron.com/collections/douze-degres,t04-coleccion-disenador,,200,2565,si,Douze Degrés — Studio Iron
https://www.studio-iron.com/collections/gary-card,t04-coleccion-disenador,,200,3400,si,Gary Card — Studio Iron
https://www.studio-iron.com/collections/jesse-butterfield,t04-coleccion-disenador,,200,4136,si,Jesse Butterfield — Studio Iron
https://www.studio-iron.com/collections/judexaya,t04-coleccion-disenador,,200,3334,si,JUDEXAYA — Studio Iron
https://www.studio-iron.com/collections/buchanan-studio,t04-coleccion-disenador,,200,3800,si,Buchanan Studio — Studio Iron
https://www.studio-iron.com/collections/kelly-wearstler-x-arca,t04-coleccion-disenador,,200,2484,si,Kelly Wearstler x ARCA — Studio Iron
https://www.studio-iron.com/collections/cj-aslan,t04-coleccion-disenador,,200,3334,si,CJ Aslan — Studio Iron
https://www.studio-iron.com/collections/ra-workshop,t04-coleccion-disenador,,200,3779,si,RA Workshop — Studio Iron
https://www.studio-iron.com/collections/marquel-williams,t04-coleccion-disenador,,200,3733,si,Marquel Williams — Studio Iron
https://www.studio-iron.com/collections/panorammma,t04-coleccion-disenador,,200,4790,si,Panorammma — Studio Iron
https://www.studio-iron.com/collections/black-metal,t06-coleccion-curada,,200,2630,si,Black Metal — Studio Iron
https://www.studio-iron.com/collections/anoe-melliou,t04-coleccion-disenador,,200,3980,si,Anoe Melliou — Studio Iron
https://www.studio-iron.com/collections/body-amplification-devices,t04-coleccion-disenador,,200,4650,si,Body Amplification Devices — Studio Iron
https://www.studio-iron.com/collections/wretched-flowers,t04-coleccion-disenador,,200,3393,si,Wretched Flowers — Studio Iron
https://www.studio-iron.com/collections/hardstyle,t04b-coleccion-disenador-minima,,200,1725,si,HARDSTYLE — Studio Iron
https://www.studio-iron.com/collections/hardstyle-1,t04-coleccion-disenador,,200,2685,si,HARDSTYLE — Studio Iron
https://www.studio-iron.com/artists/thomas-cardiff,t10-artista,2 obras,200,2619,si,Thomas Cardiff — Studio Iron
https://www.studio-iron.com/artists/actual-objects,t10-artista,1 obras,200,1746,si,Actual Objects — Studio Iron
https://www.studio-iron.com/artists/barnaby-lewis,t10-artista,2 obras,200,3018,si,Barnaby Lewis — Studio Iron
https://www.studio-iron.com/artists/yaz_xl,t10-artista,1 obras,200,1368,si,Yaz_XL — Studio Iron
https://www.studio-iron.com/artists/kunstkammerai,t10-artista,1 obras,200,2271,si,KUNSTKAMMERAI — Studio Iron
https://www.studio-iron.com/artists/konstantin-korobov,t10-artista,1 obras,200,1828,si,Konstantin Korobov — Studio Iron
https://www.studio-iron.com/artists/oleksii-shcherbak,t10-artista,1 obras,200,1743,si,Oleksii Shcherbak — Studio Iron
https://www.studio-iron.com/artists/buchanan-studio-x-robert-montgomery,t10-artista,1 obras,200,1567,si,Buchanan Studio x Robert Montgomery — Studio Iron
https://www.studio-iron.com/artists/benjamin-kustow,t10b-artista-sin-obras,0 obras,200,913,si,Benjamin Kustow — Studio Iron
https://www.studio-iron.com/artists/hardstyle,t10-artista,1 obras,200,1615,si,HARDSTYLE — Studio Iron
https://www.studio-iron.com/artists/phil-hale,t10-artista,2 obras,200,2302,si,Phil Hale — Studio Iron
https://www.studio-iron.com/artists/arcin-sagdic,t10-artista,2 obras,200,2523,si,Arcin Sagdic — Studio Iron
https://www.studio-iron.com/artists/robin-hunter-blake,t10-artista,2 obras,200,2560,si,Robin Hunter Blake — Studio Iron
https://www.studio-iron.com/artists/sam-thomas,t10-artista,1 obras,200,1856,si,Sam Thomas — Studio Iron
https://www.studio-iron.com/artists/bernardo-martins,t10-artista,1 obras,200,1725,si,Bernardo Martins — Studio Iron
https://www.studio-iron.com/artists/liam-denny,t10-artista,1 obras,200,1785,si,Liam Denny — Studio Iron
https://www.studio-iron.com/artists/buchanan-studio-and-robert-montgomery,t10b-artista-sin-obras,0 obras,200,1005,si,Buchanan Studio & Robert Montgomery — Studio Iron
https://www.studio-iron.com/artists/dario-alva,t10-artista,1 obras,200,1179,si,Dario Alva — Studio Iron
https://www.studio-iron.com/artists/barnaby-lewis/eve,t11-ficha-obra,3 imagenes,200,3741,si,Eve — Studio Iron
https://www.studio-iron.com/artists/robin-hunter-blake/study-of-a-bound-creature,t11-ficha-obra,1 imagenes,200,1656,si,Study Of a Bound Creature — Studio Iron
https://www.studio-iron.com/artists/robin-hunter-blake/the-breaking-of-the-bread,t11-ficha-obra,1 imagenes,200,1212,si,The Breaking of the Bread — Studio Iron
https://www.studio-iron.com/artists/yaz_xl/dividend,t11-ficha-obra,4 imagenes,200,3659,si,Dividend — Studio Iron
https://www.studio-iron.com/artists/buchanan-studio-x-robert-montgomery/daydream-ghosts,t11-ficha-obra,1 imagenes,200,1402,si,Daydream Ghosts — Studio Iron
https://www.studio-iron.com/artists/kunstkammerai/dei,t11-ficha-obra,4 imagenes,200,5002,si,Dei — Studio Iron
https://www.studio-iron.com/artists/bernardo-martins/back,t11-ficha-obra,1 imagenes,200,1593,si,Back — Studio Iron
https://www.studio-iron.com/artists/actual-objects/object-1,t11-ficha-obra,4 imagenes,200,4103,si,Object 1 — Studio Iron
https://www.studio-iron.com/artists/phil-hale/interpreter,t11-ficha-obra,1 imagenes,200,1214,si,Interpreter — Studio Iron
https://www.studio-iron.com/artists/phil-hale/record-separator,t11-ficha-obra,4 imagenes,200,3717,si,Record Separator — Studio Iron
https://www.studio-iron.com/artists/arcin-sagdic/core,t11-ficha-obra,4 imagenes,200,4130,si,Core — Studio Iron
https://www.studio-iron.com/artists/barnaby-lewis/skeleton-chair,t11-ficha-obra,1 imagenes,200,1656,si,Skeleton Chair No. 5 — Studio Iron
https://www.studio-iron.com/artists/konstantin-korobov/ashes,t11-ficha-obra,4 imagenes,200,4828,si,Ashes — Studio Iron
https://www.studio-iron.com/artists/dario-alva/triptych,t11-ficha-obra,4 imagenes,200,3967,si,Triptych — Studio Iron
https://www.studio-iron.com/artists/arcin-sagdic/when-we-played-in-the-garden,t11-ficha-obra,4 imagenes,200,4104,si,When we played in the garden — Studio Iron
https://www.studio-iron.com/artists/liam-denny/language-d-amour,t11-ficha-obra,1 imagenes,200,1593,si,Langage d'Amour — Studio Iron
https://www.studio-iron.com/artists/oleksii-shcherbak/the-gardener-2026,t11-ficha-obra,1 imagenes,200,1611,si,The Gardener — Studio Iron
https://www.studio-iron.com/artists/thomas-cardiff/recognition,t11-ficha-obra,1 imagenes,200,1656,si,Recognition — Studio Iron
https://www.studio-iron.com/artists/thomas-cardiff/bound,t11-ficha-obra,1 imagenes,200,1212,si,Bound — Studio Iron
https://www.studio-iron.com/artists/sam-thomas/techgnosis,t11-ficha-obra,4 imagenes,200,4806,si,Techgnosis — Studio Iron
https://www.studio-iron.com/artists/hardstyle/xanax,t11-ficha-obra,4 imagenes,200,4492,si,XANAX TRIPTYCH — Studio Iron
https://www.studio-iron.com/events/in-plain-sight,t13-evento (cabecera+carrusel),,200,1566,si,In Plain Sight — Studio Iron
https://www.studio-iron.com/events/studio-iron-x-saatchi-yates,t13b-evento-completo,,200,3902,si,Studio Iron x Saatchi Yates — Studio Iron
https://www.studio-iron.com/events/studio-iron-at-brompton-design-district,t14-evento-solo-cabecera,,200,900,si,Studio Iron at Brompton Design District — Studio Iron
https://www.studio-iron.com/pages/about,t17-about,,200,1567,si,About — Studio Iron
https://www.studio-iron.com/pages/black-metal,t16-edit-coleccion,,200,13307,si,Black Metal — Studio Iron
https://www.studio-iron.com/pages/london-design-festival,t15-edit-exposicion,,200,24150,si,London Design Festival — Studio Iron
https://www.studio-iron.com/pages/shipping-returns,t18-soporte-envios (plantilla legal),,200,2898,no,Shipping & Returns — Studio Iron
https://www.studio-iron.com/pages/privacy,t19-legal,,200,6673,no,Privacy Policy — Studio Iron
https://www.studio-iron.com/pages/terms,t19-legal,,200,9740,no,Terms of Service — Studio Iron
https://www.studio-iron.com/pages/cookies,t19-legal,,200,2063,no,Cookie Policy — Studio Iron
https://www.studio-iron.com/pages/accessibility,t19-legal,,200,3323,no,Accessibility Statement — Studio Iron
https://www.studio-iron.com/ruta-inventada-m369,t20-404,,404,1411,no,Page Not Found — Studio Iron
https://shopify.com/94323016066/account,externo: cuenta Shopify (no se abrio),,,,no,
mailto:info@studio-iron.com,externo: Contact del pie,,,,no,
https://instagram.com/studioiron_,externo: Instagram del pie,,,,no,
(sin URL),"panel: menu Design (panel, clic)",,,,,
(sin URL),panel: menu movil + subpanel Design,,,,,
(sin URL),"panel: busqueda (panel, sugerencias y resultados)",,,,,
(sin URL),panel: bolsa vacia (cajon),,,,,
(sin URL),panel: cajon Read more,,,,,
(sin URL),panel: cajon Shipping & Returns,,,,,
(sin URL),panel: cajon Enquire (obra cargada),,,,,
(sin URL),panel: aviso de cookies (sin aceptar),,,,,
(sin URL),panel: salto al contenido (Tab),,,,,
(sin URL),panel: newsletter del pie (no se envio),,,,,
