empresa,dominio,email,ciudad,rubro,hallazgo_medido,estado
Auditores Tributarios,auditorestributarios.cl,secretaria@auditorestributarios.cl,La Serena,Contadores,"GA y Google Ads reciben la visita; Meta cargo y dejo _fbp 90d; 5 cookies; sin politica; sin aviso",borrador 28-sep
Chirino y Asociados,chirino.cl,infocontab@chirino.cl,La Serena,Contadores,"GA recibe la visita; _ga 400d y fpestid 365d; 1 formulario; sin politica",borrador 28-sep
Consultoria Just Price,consultoriajustprice.cl,contacto@consultoriajustprice.cl,Vina del Mar,Contadores,"GA recibe con 3 propiedades; 4 cookies 400d; sin politica; sin aviso",borrador 28-sep
Los Contadores SpA,loscontadores.cl,ventas@loscontadores.cl,Concepcion,Contadores,"GA y Google Ads reciben; _gcl_au 90d; TIENE politica; falta aviso; 1 formulario",borrador 28-sep
Consultores Vega,consultoresvega.cl,recepcion@consultoresvega.cl,Vina del Mar,Contadores,"GA recibe; _ga 400d; TIENE politica; falta aviso; 1 formulario",borrador 28-sep
Propiedades Casablanca,propiedadescasablanca.cl,comercial@propiedadescasablanca.cl,Casablanca,Corredora,"GA recibe; _ga 400d; 3 formularios; sin politica",borrador 28-sep
Home Key Propiedades,homekeypropiedades.cl,contacto@homekeypropiedades.cl,Concepcion,Corredora,"GA recibe; 4 cookies; 4 formularios; sin politica",borrador 28-sep
JM Basualto Propiedades,jmbasualtopropiedades.cl,jmbasualtopropiedades@gmail.com,Concepcion,Corredora,"GA recibe; _ga 400d; 3 formularios; sin politica",borrador 28-sep
Lorca Corredores,lorcacorredores.cl,contacto@lorcacorredores.cl,Vina del Mar,Corredora,"Nada pasivo; al mover el mouse carga Meta y deja _fbp 90d SIN enviar; 13 cookies; TIENE politica; 3 formularios",borrador 28-sep
The Pradie Group,pradie.cl,contacto@pradie.cl,Concepcion,Corredora,"Sin rastreadores propios; el video de YouTube deja 4 cookies 180d sin aviso; 3 formularios; sin politica",borrador 28-sep
Aureos Auditores,aureosauditores.cl,contacto@aureosauditores.cl,La Serena,Contadores,"Limpio de rastreadores; 1 formulario sin politica",pendiente
Kassel Propiedades,kasselpropiedades.cl,contacto@kasselpropiedades.cl,Concepcion,Corredora,"Limpio de rastreadores; 2 formularios sin politica",pendiente
MGM Auditores,mgm-auditores.cl,lmorales@mgm-auditores.cl,Vina del Mar,Contadores,"Limpio de rastreadores; 1 formulario sin politica",pendiente
Anda Asesorias,anda-asesorias.cl,contacto@anda-asesorias.cl,La Serena,Contadores,"Cero rastreadores, cero cookies, cero formularios",descartado seccion 9
CGS Consultoria,cgsconsultoria.cl,gabriel.pavez@cgsconsultoria.cl,Concepcion,Contadores,"Cero rastreadores, cero cookies, cero formularios",descartado seccion 9
DRD Consultores y Auditores,drdauditores.cl,,Valparaiso,Contadores,,sin email publico
VMJ Auditores,vmjauditores.cl,,Concepcion,Contadores,,sin email publico
Grafsystem,grafsystemchillan.cl,,Chillan,Contadores,,sin email publico
Legacont,legacont.cl,,La Serena,Contadores,,sin email publico
Contador Empresa,contador-empresa.cl,,La Serena,Contadores,,sin email publico
AVA7 Propiedades,ava7propiedades.cl,,Vina del Mar,Corredora,,sin email publico
Corredora Curauma,corredoracurauma.cl,,Curauma,Corredora,,sin email publico
Corredora Santamaria,santamaria.cl,,Concepcion,Corredora,,sin email publico
