lamina,formato,oro_total_px,oro_en_punto_px,oro_fuera_px,oro_fuera_por_tono_px,oro_ok,letra_min_px,letra_min_a_390,legible_390,display,recorte,contraste_sobre_foto,desborde
carrusel-1-portada,1080×1350,146,0,146,155,NO,36,13.0,sí,"«LEERTE, ENTENDERTE Y CITARTE» (28 car., 4 pal.)",dentro del 3:4,—,NO
carrusel-2-interior,1080×1350,0,0,0,0,sí,36,13.0,sí,—,dentro del 3:4,—,NO
carrusel-3-dato,1080×1350,0,0,0,0,sí,36,13.0,sí,—,dentro del 3:4,—,NO
carrusel-4-interior,1080×1350,6,0,6,0,falso positivo (no es oro por tono),36,13.0,sí,—,dentro del 3:4,—,NO
carrusel-5-cierre,1080×1350,968,946,22,24,NO,36,13.0,sí,—,dentro del 3:4,—,NO
post-campo-alcance,1080×1350,152,0,152,159,NO,36,13.0,sí,"«ALCANCE» (7 car., 1 pal.)",dentro del 3:4,—,NO
post-campo-continuidad,1080×1350,0,0,0,0,sí,36,13.0,sí,"«CONTINUIDAD» (11 car., 1 pal.)",dentro del 3:4,—,NO
post-campo-desarrollo,1080×1350,8,0,8,19,NO,33,11.9,sí,"«DESARROLLO» (10 car., 1 pal.)",dentro del 3:4,—,NO
post-campo-visibilidad,1080×1350,147,0,147,156,NO,36,13.0,sí,"«VISIBILIDAD» (11 car., 1 pal.)",dentro del 3:4,—,NO
post-foto,1080×1350,146,0,146,155,NO,36,13.0,sí,—,dentro del 3:4,—,NO
post-obra,1080×1350,173,0,173,155,NO,33,11.9,sí,—,dentro del 3:4,—,NO
post-titular,1080×1350,146,0,146,155,NO,36,13.0,sí,"«AHÍ SE CORTA EL CIRCUITO» (24 car., 5 pal.)",dentro del 3:4,—,NO
story-portada,1080×1920,149,0,149,156,NO,36,13.0,sí,"«AHÍ SE CORTA EL CIRCUITO» (24 car., 5 pal.)",dentro de la banda del reel,—,NO
story-portada-guia,1080×1920,145,145,0,0,sí,36,13.0,sí,"«AHÍ SE CORTA EL CIRCUITO» (24 car., 5 pal.)",dentro de la banda del reel,—,NO
